{"accuracy": [0.6115797758102417, 0.8616687059402466, 0.9136069416999817, 0.9404509663581848, 0.9545629024505615, 0.9648623466491699, 0.9722313284873962, 0.9758731126785278, 0.980297327041626, 0.9819474816322327], "loss": [1.3150544166564941, 0.4335867762565613, 0.2666665017604828, 0.18086914718151093, 0.1371813863515854, 0.10765390843153, 0.08463259786367416, 0.07382949441671371, 0.06101885437965393, 0.05586662515997887], "val_accuracy": [0.8233553171157837, 0.8948326706886292, 0.9366036653518677, 0.9337582588195801, 0.9501479864120483, 0.9454814195632935, 0.9572615623474121, 0.9626109600067139, 0.963862955570221, 0.9449692964553833], "val_loss": [0.5585736036300659, 0.3353695571422577, 0.19246754050254822, 0.1970006227493286, 0.16182203590869904, 0.17675966024398804, 0.146156445145607, 0.12450559437274933, 0.12854748964309692, 0.20999278128147125]}